{"cameraMode":{"drawMode":0,"name":"Shaded","section":"Shading Mode"},"sceneLighting":false,"audioPlay":false,"sceneViewState":{"showFog":true,"showMaterialUpdate":false,"showSkybox":false,"showFlares":true,"showImageEffects":true,"showParticleSystems":true},"in2DMode":false,"pivot":{"x":48.055274963378909,"y":-0.05397462844848633,"z":-0.9646525382995606},"rotation":{"x":-0.128950297832489,"y":-0.0008944157743826509,"z":0.0001213878276757896,"w":-0.9916585087776184},"size":12.268363952636719,"orthographic":false}