{"cameraMode":{"drawMode":0,"name":"Shaded","section":"Shading Mode"},"sceneLighting":false,"audioPlay":false,"sceneViewState":{"showFog":true,"showMaterialUpdate":false,"showSkybox":false,"showFlares":true,"showImageEffects":true,"showParticleSystems":true},"in2DMode":false,"pivot":{"x":-1.6127574443817139,"y":-0.8118412494659424,"z":-1.4328975677490235},"rotation":{"x":0.000682931684423238,"y":-0.9795398116111755,"z":0.2014278769493103,"w":0.0032216524705290796},"size":4.834416389465332,"orthographic":false}