{"cameraMode":{"drawMode":0,"name":"Shaded","section":"Shading Mode"},"sceneLighting":false,"audioPlay":false,"sceneViewState":{"showFog":true,"showMaterialUpdate":false,"showSkybox":false,"showFlares":true,"showImageEffects":true,"showParticleSystems":true},"in2DMode":false,"pivot":{"x":-8.100000381469727,"y":-1.5160000324249268,"z":-1.739999771118164},"rotation":{"x":-0.010458736680448056,"y":-0.08838001638650894,"z":-0.0009283129475079477,"w":0.9960321187973023},"size":2.857893466949463,"orthographic":false}