{"cameraMode":{"drawMode":0,"name":"Shaded","section":"Shading Mode"},"sceneLighting":false,"audioPlay":false,"sceneViewState":{"showFog":true,"showMaterialUpdate":false,"showSkybox":false,"showFlares":true,"showImageEffects":true,"showParticleSystems":true},"in2DMode":false,"pivot":{"x":10.983800888061524,"y":0.8107241988182068,"z":-0.35294532775878909},"rotation":{"x":-0.0742572471499443,"y":-0.13331523537635804,"z":0.010017705149948597,"w":-0.9882384538650513},"size":12.281611442565918,"orthographic":false}