{"cameraMode":{"drawMode":0,"name":"Shaded","section":"Shading Mode"},"sceneLighting":true,"audioPlay":false,"sceneViewState":{"showFog":true,"showMaterialUpdate":false,"showSkybox":true,"showFlares":true,"showImageEffects":true,"showParticleSystems":true},"in2DMode":false,"pivot":{"x":65.82300567626953,"y":407.68927001953127,"z":7.5338897705078129},"rotation":{"x":-0.021307967603206636,"y":-0.0009022891754284501,"z":0.000024278531782329082,"w":-0.9997804164886475},"size":1161.48583984375,"orthographic":false}