{"cameraMode":{"drawMode":0,"name":"Shaded","section":"Shading Mode"},"sceneLighting":false,"audioPlay":false,"sceneViewState":{"showFog":true,"showMaterialUpdate":false,"showSkybox":false,"showFlares":true,"showImageEffects":true,"showParticleSystems":true},"in2DMode":false,"pivot":{"x":-2.0199999809265138,"y":-0.8700000047683716,"z":-1.1372928619384766},"rotation":{"x":-0.128950297832489,"y":-0.0008944157743826509,"z":0.0001213878276757896,"w":-0.9916585087776184},"size":5.1453351974487309,"orthographic":false}