{"cameraMode":{"drawMode":0,"name":"Shaded","section":"Shading Mode"},"sceneLighting":false,"audioPlay":false,"sceneViewState":{"showFog":true,"showMaterialUpdate":true,"showSkybox":false,"showFlares":true,"showImageEffects":true,"showParticleSystems":true},"in2DMode":false,"pivot":{"x":26.46805191040039,"y":-1.8408905267715455,"z":-1.4473876953125},"rotation":{"x":0.006293800193816423,"y":0.07043648511171341,"z":-0.0004492914886213839,"w":0.9975199699401856},"size":21.361099243164064,"orthographic":false}