{"cameraMode":{"drawMode":0,"name":"Shaded","section":"Shading Mode"},"sceneLighting":false,"audioPlay":false,"sceneViewState":{"showFog":true,"showMaterialUpdate":true,"showSkybox":true,"showFlares":true,"showImageEffects":true,"showParticleSystems":true},"in2DMode":false,"pivot":{"x":-8.100000381469727,"y":-1.5160000324249268,"z":-1.739999771118164},"rotation":{"x":0.01921844109892845,"y":0.01678473688662052,"z":-0.00026395267923362553,"w":0.9998573064804077},"size":2.857893466949463,"orthographic":false}