{"cameraMode":{"drawMode":0,"name":"Shaded","section":"Shading Mode"},"sceneLighting":false,"audioPlay":false,"sceneViewState":{"showFog":true,"showMaterialUpdate":true,"showSkybox":false,"showFlares":true,"showImageEffects":true,"showParticleSystems":true},"in2DMode":false,"pivot":{"x":48.005271911621097,"y":-2.4957070350646974,"z":-1.1154050827026368},"rotation":{"x":0.017719784751534463,"y":-0.000911521608941257,"z":-0.0001569781161379069,"w":0.9999948740005493},"size":12.965106010437012,"orthographic":false}