{"cameraMode":{"drawMode":0,"name":"Shaded","section":"Shading Mode"},"sceneLighting":false,"audioPlay":false,"sceneViewState":{"showFog":true,"showMaterialUpdate":true,"showSkybox":false,"showFlares":true,"showImageEffects":true,"showParticleSystems":true},"in2DMode":false,"pivot":{"x":5.482181549072266,"y":-0.3112029433250427,"z":-1.2930631637573243},"rotation":{"x":0.0021294753532856704,"y":-0.9692186117172241,"z":-0.008426194079220295,"w":-0.24614951014518739},"size":62.76722717285156,"orthographic":false}