{"cameraMode":{"drawMode":0,"name":"Shaded","section":"Shading Mode"},"sceneLighting":false,"audioPlay":false,"sceneViewState":{"showFog":true,"showMaterialUpdate":true,"showSkybox":false,"showFlares":true,"showImageEffects":true,"showParticleSystems":true},"in2DMode":false,"pivot":{"x":55.05588912963867,"y":7.162050247192383,"z":-0.8618745803833008},"rotation":{"x":-0.043773069977760318,"y":0.009272449649870396,"z":0.00044890117715112865,"w":0.9991728663444519},"size":13.859066009521485,"orthographic":false}