{"cameraMode":{"drawMode":0,"name":"Shaded","section":"Shading Mode"},"sceneLighting":false,"audioPlay":false,"sceneViewState":{"showFog":true,"showMaterialUpdate":true,"showSkybox":false,"showFlares":true,"showImageEffects":true,"showParticleSystems":true},"in2DMode":false,"pivot":{"x":-2.0199999809265138,"y":-0.8700000047683716,"z":-1.1372928619384766},"rotation":{"x":0.09398015588521958,"y":0.045677948743104938,"z":-0.004429203923791647,"w":0.9945757985115051},"size":2.8578836917877199,"orthographic":false}