{"cameraMode":{"drawMode":0,"name":"Shaded","section":"Shading Mode"},"sceneLighting":false,"audioPlay":false,"sceneViewState":{"showFog":true,"showMaterialUpdate":true,"showSkybox":false,"showFlares":true,"showImageEffects":true,"showParticleSystems":true},"in2DMode":false,"pivot":{"x":-9.819999694824219,"y":-1.5160000324249268,"z":-1.739999771118164},"rotation":{"x":0.07593616843223572,"y":0.9053604602813721,"z":0.18432779610157014,"w":-0.37509334087371828},"size":2.857893466949463,"orthographic":false}