{"cameraMode":{"drawMode":0,"name":"Shaded","section":"Shading Mode"},"sceneLighting":false,"audioPlay":false,"sceneViewState":{"showFog":true,"showMaterialUpdate":true,"showSkybox":false,"showFlares":true,"showImageEffects":true,"showParticleSystems":true},"in2DMode":false,"pivot":{"x":43.810001373291019,"y":-1.6031837463378907,"z":-1.5499999523162842},"rotation":{"x":0.04917803034186363,"y":-0.03355460241436958,"z":0.0015452408697456122,"w":0.9983032941818237},"size":24.331632614135743,"orthographic":true}