{"cameraMode":{"drawMode":0,"name":"Shaded","section":"Shading Mode"},"sceneLighting":false,"audioPlay":false,"sceneViewState":{"showFog":true,"showMaterialUpdate":true,"showSkybox":false,"showFlares":true,"showImageEffects":true,"showParticleSystems":true},"in2DMode":false,"pivot":{"x":16.983800888061525,"y":1.8300023078918458,"z":-0.35294532775878909},"rotation":{"x":-0.09337037801742554,"y":-0.12333352118730545,"z":0.011627967469394207,"w":-0.9880295991897583},"size":17.968555450439454,"orthographic":false}