{"cameraMode":{"drawMode":0,"name":"Shaded","section":"Shading Mode"},"sceneLighting":false,"audioPlay":false,"sceneViewState":{"showFog":true,"showMaterialUpdate":false,"showSkybox":false,"showFlares":true,"showImageEffects":true,"showParticleSystems":true},"in2DMode":false,"pivot":{"x":-9.819999694824219,"y":-1.5160000324249268,"z":-1.739999771118164},"rotation":{"x":-0.0135005172342062,"y":-0.0020903812255710365,"z":0.000026416932087158784,"w":-0.9999274611473084},"size":2.857893466949463,"orthographic":false}