{"cameraMode":{"drawMode":0,"name":"Shaded","section":"Shading Mode"},"sceneLighting":false,"audioPlay":false,"sceneViewState":{"showFog":true,"showMaterialUpdate":false,"showSkybox":false,"showFlares":true,"showImageEffects":true,"showParticleSystems":true},"in2DMode":false,"pivot":{"x":5.829999923706055,"y":-2.195964813232422,"z":-1.5499999523162842},"rotation":{"x":-0.09286487102508545,"y":0.006878150627017021,"z":-0.0006400453276000917,"w":-0.9956625699996948},"size":22.666475296020509,"orthographic":true}